bella,great
importante,valuable
memorabile,memorable
sorprendente,amazing
deludente,disappointing
spaventosa,frightening
terribile,terrible
scioccante,shocking
lunga,long
notevole,considerable
rilevante,relevant
diretta,direct
pratica,practical
di prima mano,first-hand
che cambia la vita,life-changing
indimenticabile,unforgettable
unica,once-in-a-lifetime
fare una torta,bake a cake
essere in TV,be on TV
essere in diretta streaming,be live streaming
rompersi un osso,break a bone
addormentarsi in treno,fall asleep on a train
innamorarsi,fall in love
andare a un concerto,go to a concert
cantare in pubblico,sing in public
soggiornare in un albergo a cinque stelle,stay in a five-star hotel
scalare la vetta di una montagna,climb a mountain peak
mangiare le lumache,eat snails
fare bungee jumping,go bungee jumping
fare in giro in mongolfiera,ride in a hot-air balloon
partecipare ad una manifestazione,take part in a demonstration
esperienza che ho avuto,experience I've had
non dimenticherò mai,I'll never forget
esperienza nel fare qualcosa,experience of doing something
esperienza in un settore,experience in a field
esperienza con persone,experience with people
esperienza come ruolo,experience as a role
esperienza come posizione,experience as a position